<?xml version="1.0" encoding="UTF-8"?>
<!-- Created with TexturePacker http://www.codeandweb.com/texturepacker-->
<!-- $TexturePacker:SmartUpdate:d7c4e259a709d23dddaca2161b39bfe2:127c257b39e8b52e5a50c91a36c43818:a310fa63d3758bf7c513eea0e0a627f8$ -->
<!--Format:
n  => name of the sprite
x  => sprite x pos in texture
y  => sprite y pos in texture
w  => sprite width (may be trimmed)
h  => sprite height (may be trimmed)
pX => x pos of the pivot point (relative to sprite width)
pY => y pos of the pivot point (relative to sprite height)
oX => sprite's x-corner offset (only available if trimmed)
oY => sprite's y-corner offset (only available if trimmed)
oW => sprite's original width (only available if trimmed)
oH => sprite's original height (only available if trimmed)
r => 'y' only set if sprite is rotated
with polygon mode enabled:
vertices   => points in sprite coordinate system (x0,y0,x1,y1,x2,y2, ...)
verticesUV => points in sheet coordinate system (x0,y0,x1,y1,x2,y2, ...)
triangles  => sprite triangulation, 3 vertex indices per triangle
-->
<TextureAtlas imagePath="sprite_aladdin_walk.bmp" width="636" height="62">
    <sprite n="0.bmp" x="594" y="2" w="40" h="48" pX="0.5" pY="0.5"/>
    <sprite n="1.bmp" x="547" y="2" w="43" h="51" pX="0.5" pY="0.5"/>
    <sprite n="2.bmp" x="457" y="2" w="41" h="53" pX="0.5" pY="0.5"/>
    <sprite n="3.bmp" x="264" y="2" w="41" h="57" pX="0.5" pY="0.5"/>
    <sprite n="4.bmp" x="107" y="2" w="52" h="57" pX="0.5" pY="0.5"/>
    <sprite n="5.bmp" x="368" y="2" w="46" h="54" pX="0.5" pY="0.5"/>
    <sprite n="6.bmp" x="61" y="2" w="42" h="58" pX="0.5" pY="0.5"/>
    <sprite n="7.bmp" x="502" y="2" w="41" h="52" pX="0.5" pY="0.5"/>
    <sprite n="8.bmp" x="418" y="2" w="35" h="54" pX="0.5" pY="0.5"/>
    <sprite n="9.bmp" x="163" y="2" w="49" h="57" pX="0.5" pY="0.5"/>
    <sprite n="10.bmp" x="2" y="2" w="55" h="58" pX="0.5" pY="0.5"/>
    <sprite n="11.bmp" x="309" y="2" w="55" h="55" pX="0.5" pY="0.5"/>
    <sprite n="12.bmp" x="216" y="2" w="44" h="57" pX="0.5" pY="0.5"/>
</TextureAtlas>
